-- DML

INSERT INTO PERM VALUES (0, 'SUPERADMIN');
INSERT INTO PERM VALUES (1, 'ADMIN');
INSERT INTO PERM VALUES (2, 'CUSTOMER');

INSERT INTO STATUS VALUES (1, 'ACTIVE');
INSERT INTO STATUS VALUES (2, 'BLOCKED');

INSERT INTO PERSON (PERM, EMAIL, PASSWORD, FIRSTNAME, LASTNAME, STATUS, REGDATE)
    VALUES (0, 'miakish@fxmail.com', 'PBKDF2WithHmacSHA512:3072:XdJk6xCCFGuzJkkgdMSEBvWjP8kN22Of0BGLePd5IlE=:WRVEqpzVD8fWjMQc6L02hsvqoge/8/Z7WssJubKVRRg=', 'Павел', 'Мякиш', 1, TO_DATE('10-07-2017', 'DD-MM-YYYY'));
INSERT INTO PERSON (PERM, EMAIL, PASSWORD, FIRSTNAME, LASTNAME, STATUS, REGDATE)
    VALUES (1, 'admin@fxmail.com', 'PBKDF2WithHmacSHA512:3072:jfZAfl/H97TMc+HuSY+gNs9ZSfySCsiQ8GnwhxpuPvo=:WDsltqD41REoXB8Auya/4emK8ubpH7LpeOQkXnY94UQ=', 'Иван', 'Иванов', 1, TO_DATE('16-09-2019', 'DD-MM-YYYY'));
INSERT INTO PERSON (PERM, EMAIL, PASSWORD, FIRSTNAME, LASTNAME, STATUS, REGDATE)
    VALUES (1, 'adm@gmail.com', 'PBKDF2WithHmacSHA512:3072:XdJk6xCCFGuzJkkgdMSEBvWjP8kN22Of0BGLePd5IlE=:WRVEqpzVD8fWjMQc6L02hsvqoge/8/Z7WssJubKVRRg=', 'Светлана', 'Сергеева', 1, TO_DATE('18-09-2019', 'DD-MM-YYYY'));
INSERT INTO PERSON (PERM, EMAIL, PASSWORD, FIRSTNAME, LASTNAME, STATUS, REGDATE)
    VALUES (1, 'superuser@mail.com', 'PBKDF2WithHmacSHA512:3072:jfZAfl/H97TMc+HuSY+gNs9ZSfySCsiQ8GnwhxpuPvo=:WDsltqD41REoXB8Auya/4emK8ubpH7LpeOQkXnY94UQ=', 'Егор', 'Мартынов', 1, TO_DATE('22-09-2019', 'DD-MM-YYYY'));

INSERT INTO PERSON (PERM, EMAIL, PASSWORD, FIRSTNAME, LASTNAME, STATUS, REGDATE)
    VALUES (2, 'nord@gmail.com', 'PBKDF2WithHmacSHA512:3072:XdJk6xCCFGuzJkkgdMSEBvWjP8kN22Of0BGLePd5IlE=:WRVEqpzVD8fWjMQc6L02hsvqoge/8/Z7WssJubKVRRg=', 'Антон', 'Севертока', 1, TO_DATE('15-10-2019', 'DD-MM-YYYY'));
INSERT INTO PERSON (PERM, EMAIL, PASSWORD, FIRSTNAME, LASTNAME, STATUS, REGDATE)
    VALUES (2, 'simplename@fxmail.com', 'PBKDF2WithHmacSHA512:3072:jfZAfl/H97TMc+HuSY+gNs9ZSfySCsiQ8GnwhxpuPvo=:WDsltqD41REoXB8Auya/4emK8ubpH7LpeOQkXnY94UQ=', 'Ольга', 'Воронко', 1, TO_DATE('16-10-2019', 'DD-MM-YYYY'));
INSERT INTO PERSON (PERM, EMAIL, PASSWORD, FIRSTNAME, LASTNAME, STATUS, REGDATE)
    VALUES (2, 'alborisov@inbox.com', 'PBKDF2WithHmacSHA512:3072:XdJk6xCCFGuzJkkgdMSEBvWjP8kN22Of0BGLePd5IlE=:WRVEqpzVD8fWjMQc6L02hsvqoge/8/Z7WssJubKVRRg=', 'Александр', 'Борисов', 1, TO_DATE('17-10-2019', 'DD-MM-YYYY'));
INSERT INTO PERSON (PERM, EMAIL, PASSWORD, FIRSTNAME, LASTNAME, STATUS, REGDATE)
    VALUES (2, 'yudinav90@fxmail.com', 'PBKDF2WithHmacSHA512:3072:jfZAfl/H97TMc+HuSY+gNs9ZSfySCsiQ8GnwhxpuPvo=:WDsltqD41REoXB8Auya/4emK8ubpH7LpeOQkXnY94UQ=', 'Валерия', 'Юдина', 1, TO_DATE('19-10-2019', 'DD-MM-YYYY'));
INSERT INTO PERSON (PERM, EMAIL, PASSWORD, FIRSTNAME, LASTNAME, STATUS, REGDATE)
    VALUES (2, 'voroncova@gmail.com', 'PBKDF2WithHmacSHA512:3072:XdJk6xCCFGuzJkkgdMSEBvWjP8kN22Of0BGLePd5IlE=:WRVEqpzVD8fWjMQc6L02hsvqoge/8/Z7WssJubKVRRg=', 'Дарья', 'Воронцова', 1, TO_DATE('20-10-2019', 'DD-MM-YYYY'));
INSERT INTO PERSON (PERM, EMAIL, PASSWORD, FIRSTNAME, LASTNAME, STATUS, REGDATE)
    VALUES (2, 'stepanof@fxmail.com', 'PBKDF2WithHmacSHA512:3072:jfZAfl/H97TMc+HuSY+gNs9ZSfySCsiQ8GnwhxpuPvo=:WDsltqD41REoXB8Auya/4emK8ubpH7LpeOQkXnY94UQ=', 'Тимофей', 'Степанов', 1, TO_DATE('20-10-2019', 'DD-MM-YYYY'));
INSERT INTO PERSON (PERM, EMAIL, PASSWORD, FIRSTNAME, LASTNAME, STATUS, REGDATE)
    VALUES (2, 'bmblbee@gmail.com', 'PBKDF2WithHmacSHA512:3072:XdJk6xCCFGuzJkkgdMSEBvWjP8kN22Of0BGLePd5IlE=:WRVEqpzVD8fWjMQc6L02hsvqoge/8/Z7WssJubKVRRg=', 'Артур', 'Шмелев', 1, TO_DATE('21-10-2019', 'DD-MM-YYYY'));
INSERT INTO PERSON (PERM, EMAIL, PASSWORD, FIRSTNAME, LASTNAME, STATUS, REGDATE)
    VALUES (2, 'diane@fxmail.com', 'PBKDF2WithHmacSHA512:3072:jfZAfl/H97TMc+HuSY+gNs9ZSfySCsiQ8GnwhxpuPvo=:WDsltqD41REoXB8Auya/4emK8ubpH7LpeOQkXnY94UQ=', 'Диана', 'Розанова', 1, TO_DATE('25-10-2019', 'DD-MM-YYYY'));
INSERT INTO PERSON (PERM, EMAIL, PASSWORD, FIRSTNAME, LASTNAME, STATUS, REGDATE)
    VALUES (2, 'pokr.hanna@gmail.com', 'PBKDF2WithHmacSHA512:3072:XdJk6xCCFGuzJkkgdMSEBvWjP8kN22Of0BGLePd5IlE=:WRVEqpzVD8fWjMQc6L02hsvqoge/8/Z7WssJubKVRRg=', 'Анна', 'Покровская', 1, TO_DATE('28-10-2019', 'DD-MM-YYYY'));
INSERT INTO PERSON (PERM, EMAIL, PASSWORD, FIRSTNAME, LASTNAME, STATUS, REGDATE)
    VALUES (2, 'lora1981@fxmail.com', 'PBKDF2WithHmacSHA512:3072:jfZAfl/H97TMc+HuSY+gNs9ZSfySCsiQ8GnwhxpuPvo=:WDsltqD41REoXB8Auya/4emK8ubpH7LpeOQkXnY94UQ=', 'Лариса', 'Киселева', 1, TO_DATE('01-11-2019', 'DD-MM-YYYY'));
INSERT INTO PERSON (PERM, EMAIL, PASSWORD, FIRSTNAME, LASTNAME, STATUS, REGDATE)
    VALUES (2, 'nicol11@gmail.com', 'PBKDF2WithHmacSHA512:3072:XdJk6xCCFGuzJkkgdMSEBvWjP8kN22Of0BGLePd5IlE=:WRVEqpzVD8fWjMQc6L02hsvqoge/8/Z7WssJubKVRRg=', 'Николай', 'Ильин', 1, TO_DATE('05-11-2019', 'DD-MM-YYYY'));
INSERT INTO PERSON (PERM, EMAIL, PASSWORD, FIRSTNAME, LASTNAME, STATUS, REGDATE)
    VALUES (2, 'yarikcoolcat@post.com', 'PBKDF2WithHmacSHA512:3072:jfZAfl/H97TMc+HuSY+gNs9ZSfySCsiQ8GnwhxpuPvo=:WDsltqD41REoXB8Auya/4emK8ubpH7LpeOQkXnY94UQ=', 'Ярослав', 'Молчанов', 1, TO_DATE('06-11-2019', 'DD-MM-YYYY'));
INSERT INTO PERSON (PERM, EMAIL, PASSWORD, FIRSTNAME, LASTNAME, STATUS, REGDATE)
    VALUES (2, 'doves@gmail.com', 'PBKDF2WithHmacSHA512:3072:XdJk6xCCFGuzJkkgdMSEBvWjP8kN22Of0BGLePd5IlE=:WRVEqpzVD8fWjMQc6L02hsvqoge/8/Z7WssJubKVRRg=', 'Сергей', 'Голубев', 1, TO_DATE('08-11-2019', 'DD-MM-YYYY'));
INSERT INTO PERSON (PERM, EMAIL, PASSWORD, FIRSTNAME, LASTNAME, STATUS, REGDATE)
    VALUES (2, 'sokol85@fxmail.com', 'PBKDF2WithHmacSHA512:3072:jfZAfl/H97TMc+HuSY+gNs9ZSfySCsiQ8GnwhxpuPvo=:WDsltqD41REoXB8Auya/4emK8ubpH7LpeOQkXnY94UQ=', 'Иван', 'Соколов', 1, TO_DATE('09-11-2019', 'DD-MM-YYYY'));
INSERT INTO PERSON (PERM, EMAIL, PASSWORD, FIRSTNAME, LASTNAME, STATUS, REGDATE)
    VALUES (2, 'druid1@gmail.com', 'PBKDF2WithHmacSHA512:3072:XdJk6xCCFGuzJkkgdMSEBvWjP8kN22Of0BGLePd5IlE=:WRVEqpzVD8fWjMQc6L02hsvqoge/8/Z7WssJubKVRRg=', 'Егор', 'Лаптев', 1, TO_DATE('09-11-2019', 'DD-MM-YYYY'));
INSERT INTO PERSON (PERM, EMAIL, PASSWORD, FIRSTNAME, LASTNAME, STATUS, REGDATE)
    VALUES (2, 'somename@fxmail.com', 'PBKDF2WithHmacSHA512:3072:jfZAfl/H97TMc+HuSY+gNs9ZSfySCsiQ8GnwhxpuPvo=:WDsltqD41REoXB8Auya/4emK8ubpH7LpeOQkXnY94UQ=', 'Ольга', 'Усова', 1, TO_DATE('11-11-2019', 'DD-MM-YYYY'));
INSERT INTO PERSON (PERM, EMAIL, PASSWORD, FIRSTNAME, LASTNAME, STATUS, REGDATE)
    VALUES (2, 'petrov@gmail.com', 'PBKDF2WithHmacSHA512:3072:XdJk6xCCFGuzJkkgdMSEBvWjP8kN22Of0BGLePd5IlE=:WRVEqpzVD8fWjMQc6L02hsvqoge/8/Z7WssJubKVRRg=', 'Сергей', 'Петров', 1, TO_DATE('17-02-2020', 'DD-MM-YYYY'));
INSERT INTO PERSON (PERM, EMAIL, PASSWORD, FIRSTNAME, LASTNAME, STATUS, REGDATE)
    VALUES (2, 'foxxy@mail.com', 'PBKDF2WithHmacSHA512:3072:jfZAfl/H97TMc+HuSY+gNs9ZSfySCsiQ8GnwhxpuPvo=:WDsltqD41REoXB8Auya/4emK8ubpH7LpeOQkXnY94UQ=', 'Ирина', 'Лисицина', 1, TO_DATE('17-02-2020', 'DD-MM-YYYY'));
INSERT INTO PERSON (PERM, EMAIL, PASSWORD, FIRSTNAME, LASTNAME, STATUS, REGDATE)
    VALUES (2, 'olegh@fxmail.com', 'PBKDF2WithHmacSHA512:3072:XdJk6xCCFGuzJkkgdMSEBvWjP8kN22Of0BGLePd5IlE=:WRVEqpzVD8fWjMQc6L02hsvqoge/8/Z7WssJubKVRRg=', 'Олег', 'Харитонов', 1, TO_DATE('03-03-2020', 'DD-MM-YYYY'));
INSERT INTO PERSON (PERM, EMAIL, PASSWORD, FIRSTNAME, LASTNAME, STATUS, REGDATE)
    VALUES (2, 'holovyn1991@gmail.com', 'PBKDF2WithHmacSHA512:3072:jfZAfl/H97TMc+HuSY+gNs9ZSfySCsiQ8GnwhxpuPvo=:WDsltqD41REoXB8Auya/4emK8ubpH7LpeOQkXnY94UQ=', 'Игорь', 'Головин', 1, TO_DATE('06-03-2020', 'DD-MM-YYYY'));
INSERT INTO PERSON (PERM, EMAIL, PASSWORD, FIRSTNAME, LASTNAME, STATUS, REGDATE)
    VALUES (2, 'iv.artemyev@mail.ru', 'PBKDF2WithHmacSHA512:3072:XdJk6xCCFGuzJkkgdMSEBvWjP8kN22Of0BGLePd5IlE=:WRVEqpzVD8fWjMQc6L02hsvqoge/8/Z7WssJubKVRRg=', 'Иван', 'Артемьев', 1, TO_DATE('11-03-2020', 'DD-MM-YYYY'));
INSERT INTO PERSON (PERM, EMAIL, PASSWORD, FIRSTNAME, LASTNAME, STATUS, REGDATE)
    VALUES (2, 'kozhokar@mail.com', 'PBKDF2WithHmacSHA512:3072:jfZAfl/H97TMc+HuSY+gNs9ZSfySCsiQ8GnwhxpuPvo=:WDsltqD41REoXB8Auya/4emK8ubpH7LpeOQkXnY94UQ=', 'Олег', 'Кожокарь', 2, TO_DATE('11-03-2020', 'DD-MM-YYYY'));
INSERT INTO PERSON (PERM, EMAIL, PASSWORD, FIRSTNAME, LASTNAME, STATUS, REGDATE)
    VALUES (2, 'bogd1@gmail.com', 'PBKDF2WithHmacSHA512:3072:XdJk6xCCFGuzJkkgdMSEBvWjP8kN22Of0BGLePd5IlE=:WRVEqpzVD8fWjMQc6L02hsvqoge/8/Z7WssJubKVRRg=', 'Игорь', 'Богданов', 2, TO_DATE('13-03-2020', 'DD-MM-YYYY'));
INSERT INTO PERSON (PERM, EMAIL, PASSWORD, FIRSTNAME, LASTNAME, STATUS, REGDATE)
    VALUES (2, 'grigorol@fxmail.com', 'PBKDF2WithHmacSHA512:3072:jfZAfl/H97TMc+HuSY+gNs9ZSfySCsiQ8GnwhxpuPvo=:WDsltqD41REoXB8Auya/4emK8ubpH7LpeOQkXnY94UQ=', 'Ольга', 'Григорович', 1, TO_DATE('14-03-2020', 'DD-MM-YYYY'));
INSERT INTO PERSON (PERM, EMAIL, PASSWORD, FIRSTNAME, LASTNAME, STATUS, REGDATE)
    VALUES (2, 'alegorova@inbox.com', 'PBKDF2WithHmacSHA512:3072:XdJk6xCCFGuzJkkgdMSEBvWjP8kN22Of0BGLePd5IlE=:WRVEqpzVD8fWjMQc6L02hsvqoge/8/Z7WssJubKVRRg=', 'Александра', 'Егорова', 1, TO_DATE('17-03-2020', 'DD-MM-YYYY'));
INSERT INTO PERSON (PERM, EMAIL, PASSWORD, FIRSTNAME, LASTNAME, STATUS, REGDATE)
    VALUES (2, 'art13val@fxmail.com', 'PBKDF2WithHmacSHA512:3072:jfZAfl/H97TMc+HuSY+gNs9ZSfySCsiQ8GnwhxpuPvo=:WDsltqD41REoXB8Auya/4emK8ubpH7LpeOQkXnY94UQ=', 'Валерий', 'Артемкин', 1, TO_DATE('19-03-2020', 'DD-MM-YYYY'));
INSERT INTO PERSON (PERM, EMAIL, PASSWORD, FIRSTNAME, LASTNAME, STATUS, REGDATE)
    VALUES (2, 'hyperman@gmail.com', 'PBKDF2WithHmacSHA512:3072:XdJk6xCCFGuzJkkgdMSEBvWjP8kN22Of0BGLePd5IlE=:WRVEqpzVD8fWjMQc6L02hsvqoge/8/Z7WssJubKVRRg=', 'Игорь', 'Смольский', 1, TO_DATE('20-03-2020', 'DD-MM-YYYY'));
INSERT INTO PERSON (PERM, EMAIL, PASSWORD, FIRSTNAME, LASTNAME, STATUS, REGDATE)
    VALUES (2, 'dfops@fxmail.com', 'PBKDF2WithHmacSHA512:3072:jfZAfl/H97TMc+HuSY+gNs9ZSfySCsiQ8GnwhxpuPvo=:WDsltqD41REoXB8Auya/4emK8ubpH7LpeOQkXnY94UQ=', 'Дмитрий', 'Федоров', 1, TO_DATE('20-03-2020', 'DD-MM-YYYY'));
INSERT INTO PERSON (PERM, EMAIL, PASSWORD, FIRSTNAME, LASTNAME, STATUS, REGDATE)
    VALUES (2, 'shestaylo@gmail.com', 'PBKDF2WithHmacSHA512:3072:XdJk6xCCFGuzJkkgdMSEBvWjP8kN22Of0BGLePd5IlE=:WRVEqpzVD8fWjMQc6L02hsvqoge/8/Z7WssJubKVRRg=', 'Артур', 'Шестайло', 1, TO_DATE('21-03-2020', 'DD-MM-YYYY'));
INSERT INTO PERSON (PERM, EMAIL, PASSWORD, FIRSTNAME, LASTNAME, STATUS, REGDATE)
    VALUES (2, 'dinarab@fxmail.com', 'PBKDF2WithHmacSHA512:3072:jfZAfl/H97TMc+HuSY+gNs9ZSfySCsiQ8GnwhxpuPvo=:WDsltqD41REoXB8Auya/4emK8ubpH7LpeOQkXnY94UQ=', 'Динар', 'Абдрашитов', 1, TO_DATE('25-03-2020', 'DD-MM-YYYY'));
INSERT INTO PERSON (PERM, EMAIL, PASSWORD, FIRSTNAME, LASTNAME, STATUS, REGDATE)
    VALUES (2, 'romar@gmail.com', 'PBKDF2WithHmacSHA512:3072:XdJk6xCCFGuzJkkgdMSEBvWjP8kN22Of0BGLePd5IlE=:WRVEqpzVD8fWjMQc6L02hsvqoge/8/Z7WssJubKVRRg=', 'Роман', 'Струк', 1, TO_DATE('28-03-2020', 'DD-MM-YYYY'));
INSERT INTO PERSON (PERM, EMAIL, PASSWORD, FIRSTNAME, LASTNAME, STATUS, REGDATE)
    VALUES (2, 'berezko@fxmail.com', 'PBKDF2WithHmacSHA512:3072:jfZAfl/H97TMc+HuSY+gNs9ZSfySCsiQ8GnwhxpuPvo=:WDsltqD41REoXB8Auya/4emK8ubpH7LpeOQkXnY94UQ=', 'Артур', 'Березко', 2, TO_DATE('01-04-2020', 'DD-MM-YYYY'));
INSERT INTO PERSON (PERM, EMAIL, PASSWORD, FIRSTNAME, LASTNAME, STATUS, REGDATE)
    VALUES (2, 'rostilushevich@gmail.com', 'PBKDF2WithHmacSHA512:3072:XdJk6xCCFGuzJkkgdMSEBvWjP8kN22Of0BGLePd5IlE=:WRVEqpzVD8fWjMQc6L02hsvqoge/8/Z7WssJubKVRRg=', 'Ростислав', 'Ильюшевич', 1, TO_DATE('05-04-2020', 'DD-MM-YYYY'));
INSERT INTO PERSON (PERM, EMAIL, PASSWORD, FIRSTNAME, LASTNAME, STATUS, REGDATE)
    VALUES (2, 'mazur001@post.com', 'PBKDF2WithHmacSHA512:3072:jfZAfl/H97TMc+HuSY+gNs9ZSfySCsiQ8GnwhxpuPvo=:WDsltqD41REoXB8Auya/4emK8ubpH7LpeOQkXnY94UQ=', 'Станислав', 'Мазур', 1, TO_DATE('06-04-2020', 'DD-MM-YYYY'));
INSERT INTO PERSON (PERM, EMAIL, PASSWORD, FIRSTNAME, LASTNAME, STATUS, REGDATE)
    VALUES (2, 'azarov11@gmail.com', 'PBKDF2WithHmacSHA512:3072:XdJk6xCCFGuzJkkgdMSEBvWjP8kN22Of0BGLePd5IlE=:WRVEqpzVD8fWjMQc6L02hsvqoge/8/Z7WssJubKVRRg=', 'Антон', 'Азаров', 1, TO_DATE('08-04-2020', 'DD-MM-YYYY'));
INSERT INTO PERSON (PERM, EMAIL, PASSWORD, FIRSTNAME, LASTNAME, STATUS, REGDATE)
    VALUES (2, 'sokolovag@fxmail.com', 'PBKDF2WithHmacSHA512:3072:jfZAfl/H97TMc+HuSY+gNs9ZSfySCsiQ8GnwhxpuPvo=:WDsltqD41REoXB8Auya/4emK8ubpH7LpeOQkXnY94UQ=', 'Галина', 'Соколова', 1, TO_DATE('09-04-2020', 'DD-MM-YYYY'));
INSERT INTO PERSON (PERM, EMAIL, PASSWORD, FIRSTNAME, LASTNAME, STATUS, REGDATE)
    VALUES (2, 'vladstan@gmail.com', 'PBKDF2WithHmacSHA512:3072:XdJk6xCCFGuzJkkgdMSEBvWjP8kN22Of0BGLePd5IlE=:WRVEqpzVD8fWjMQc6L02hsvqoge/8/Z7WssJubKVRRg=', 'Влад', 'Станиславский', 1, TO_DATE('09-04-2020', 'DD-MM-YYYY'));
INSERT INTO PERSON (PERM, EMAIL, PASSWORD, FIRSTNAME, LASTNAME, STATUS, REGDATE)
    VALUES (2, 'hannas55@fxmail.com', 'PBKDF2WithHmacSHA512:3072:jfZAfl/H97TMc+HuSY+gNs9ZSfySCsiQ8GnwhxpuPvo=:WDsltqD41REoXB8Auya/4emK8ubpH7LpeOQkXnY94UQ=', 'Анна', 'Сушенко', 2, TO_DATE('11-04-2020', 'DD-MM-YYYY'));
INSERT INTO PERSON (PERM, EMAIL, PASSWORD, FIRSTNAME, LASTNAME, STATUS, REGDATE)
    VALUES (2, 'ignatcc@gmail.com', 'PBKDF2WithHmacSHA512:3072:XdJk6xCCFGuzJkkgdMSEBvWjP8kN22Of0BGLePd5IlE=:WRVEqpzVD8fWjMQc6L02hsvqoge/8/Z7WssJubKVRRg=', 'Игнат', 'Ибрагимов', 1, TO_DATE('17-04-2020', 'DD-MM-YYYY'));
INSERT INTO PERSON (PERM, EMAIL, PASSWORD, FIRSTNAME, LASTNAME, STATUS, REGDATE)
    VALUES (2, 'chamomilla@mail.com', 'PBKDF2WithHmacSHA512:3072:jfZAfl/H97TMc+HuSY+gNs9ZSfySCsiQ8GnwhxpuPvo=:WDsltqD41REoXB8Auya/4emK8ubpH7LpeOQkXnY94UQ=', 'Ирина', 'Ромашкина', 1, TO_DATE('17-04-2020', 'DD-MM-YYYY'));
INSERT INTO PERSON (PERM, EMAIL, PASSWORD, FIRSTNAME, LASTNAME, STATUS, REGDATE)
    VALUES (2, 'oleghom@fxmail.com', 'PBKDF2WithHmacSHA512:3072:XdJk6xCCFGuzJkkgdMSEBvWjP8kN22Of0BGLePd5IlE=:WRVEqpzVD8fWjMQc6L02hsvqoge/8/Z7WssJubKVRRg=', 'Олег', 'Хомченко', 1, TO_DATE('03-05-2020', 'DD-MM-YYYY'));
INSERT INTO PERSON (PERM, EMAIL, PASSWORD, FIRSTNAME, LASTNAME, STATUS, REGDATE)
    VALUES (2, 'anatoly45@gmail.com', 'PBKDF2WithHmacSHA512:3072:jfZAfl/H97TMc+HuSY+gNs9ZSfySCsiQ8GnwhxpuPvo=:WDsltqD41REoXB8Auya/4emK8ubpH7LpeOQkXnY94UQ=', 'Анатолий', 'Вассершмидт', 1, TO_DATE('06-05-2020', 'DD-MM-YYYY'));
INSERT INTO PERSON (PERM, EMAIL, PASSWORD, FIRSTNAME, LASTNAME, STATUS, REGDATE)
    VALUES (2, 'zebra2@mail.ru', 'PBKDF2WithHmacSHA512:3072:XdJk6xCCFGuzJkkgdMSEBvWjP8kN22Of0BGLePd5IlE=:WRVEqpzVD8fWjMQc6L02hsvqoge/8/Z7WssJubKVRRg=', 'Татьяна', 'Зебровская', 1, TO_DATE('11-05-2020', 'DD-MM-YYYY'));
INSERT INTO PERSON (PERM, EMAIL, PASSWORD, FIRSTNAME, LASTNAME, STATUS, REGDATE)
    VALUES (2, 'raspb@mail.com', 'PBKDF2WithHmacSHA512:3072:jfZAfl/H97TMc+HuSY+gNs9ZSfySCsiQ8GnwhxpuPvo=:WDsltqD41REoXB8Auya/4emK8ubpH7LpeOQkXnY94UQ=', 'Светлана', 'Вишневская', 2, TO_DATE('11-05-2020', 'DD-MM-YYYY'));

INSERT INTO ACCOUNT (OWNER, BALANCE, STATUS, REGDATE) VALUES (5, 2544.00, 1, TO_DATE('15-10-2019', 'DD-MM-YYYY'));
INSERT INTO ACCOUNT (OWNER, BALANCE, STATUS, REGDATE) VALUES (5, 11.50, 1, TO_DATE('25-10-2019', 'DD-MM-YYYY'));
INSERT INTO ACCOUNT (OWNER, BALANCE, STATUS, REGDATE) VALUES (6, 111.50, 1, TO_DATE('16-10-2019', 'DD-MM-YYYY'));
INSERT INTO ACCOUNT (OWNER, BALANCE, STATUS, REGDATE) VALUES (7, 1523.40, 1, TO_DATE('17-10-2019', 'DD-MM-YYYY'));
INSERT INTO ACCOUNT (OWNER, BALANCE, STATUS, REGDATE) VALUES (8, 2422.45, 1, TO_DATE('19-10-2019', 'DD-MM-YYYY'));
INSERT INTO ACCOUNT (OWNER, BALANCE, STATUS, REGDATE) VALUES (9, 412.44, 1, TO_DATE('20-10-2019', 'DD-MM-YYYY'));
INSERT INTO ACCOUNT (OWNER, BALANCE, STATUS, REGDATE) VALUES (10, 2.32, 2, TO_DATE('20-10-2019', 'DD-MM-YYYY'));
INSERT INTO ACCOUNT (OWNER, BALANCE, STATUS, REGDATE) VALUES (10, 127.85, 1, TO_DATE('21-12-2019', 'DD-MM-YYYY'));
INSERT INTO ACCOUNT (OWNER, BALANCE, STATUS, REGDATE) VALUES (11, 5300.05, 1, TO_DATE('21-10-2019', 'DD-MM-YYYY'));
INSERT INTO ACCOUNT (OWNER, BALANCE, STATUS, REGDATE) VALUES (12, 546.00, 1, TO_DATE('25-10-2019', 'DD-MM-YYYY'));
INSERT INTO ACCOUNT (OWNER, BALANCE, STATUS, REGDATE) VALUES (13, 665.88, 1, TO_DATE('28-10-2019', 'DD-MM-YYYY'));
INSERT INTO ACCOUNT (OWNER, BALANCE, STATUS, REGDATE) VALUES (14, 1500.54, 1, TO_DATE('01-11-2019', 'DD-MM-YYYY'));
INSERT INTO ACCOUNT (OWNER, BALANCE, STATUS, REGDATE) VALUES (14, 2456.32, 1, TO_DATE('05-12-2019', 'DD-MM-YYYY'));
INSERT INTO ACCOUNT (OWNER, BALANCE, STATUS, REGDATE) VALUES (15, 2.56, 1, TO_DATE('05-11-2019', 'DD-MM-YYYY'));
INSERT INTO ACCOUNT (OWNER, BALANCE, STATUS, REGDATE) VALUES (16, 0.00, 2, TO_DATE('06-11-2019', 'DD-MM-YYYY'));
INSERT INTO ACCOUNT (OWNER, BALANCE, STATUS, REGDATE) VALUES (17, 10.00, 1, TO_DATE('08-11-2019', 'DD-MM-YYYY'));
INSERT INTO ACCOUNT (OWNER, BALANCE, STATUS, REGDATE) VALUES (18, 10542.90, 1, TO_DATE('09-11-2019', 'DD-MM-YYYY'));
INSERT INTO ACCOUNT (OWNER, BALANCE, STATUS, REGDATE) VALUES (19, 1032.70, 1, TO_DATE('09-11-2019', 'DD-MM-YYYY'));
INSERT INTO ACCOUNT (OWNER, BALANCE, STATUS, REGDATE) VALUES (20, 98.20, 2, TO_DATE('11-11-2019', 'DD-MM-YYYY'));
INSERT INTO ACCOUNT (OWNER, BALANCE, STATUS, REGDATE) VALUES (21, 2192.70, 1, TO_DATE('17-02-2020', 'DD-MM-YYYY'));
INSERT INTO ACCOUNT (OWNER, BALANCE, STATUS, REGDATE) VALUES (21, 12256.45, 1, TO_DATE('19-02-2020', 'DD-MM-YYYY'));
INSERT INTO ACCOUNT (OWNER, BALANCE, STATUS, REGDATE) VALUES (22, 136.00, 1, TO_DATE('17-02-2020', 'DD-MM-YYYY'));
INSERT INTO ACCOUNT (OWNER, BALANCE, STATUS, REGDATE) VALUES (23, 8462.54, 1, TO_DATE('03-03-2020', 'DD-MM-YYYY'));
INSERT INTO ACCOUNT (OWNER, BALANCE, STATUS, REGDATE) VALUES (24, 1000.50, 1, TO_DATE('06-03-2020', 'DD-MM-YYYY'));
INSERT INTO ACCOUNT (OWNER, BALANCE, STATUS, REGDATE) VALUES (24, 1.50, 2, TO_DATE('06-03-2020', 'DD-MM-YYYY'));
INSERT INTO ACCOUNT (OWNER, BALANCE, STATUS, REGDATE) VALUES (25, 433.85, 1, TO_DATE('11-03-2020', 'DD-MM-YYYY'));
INSERT INTO ACCOUNT (OWNER, BALANCE, STATUS, REGDATE) VALUES (26, 0.05, 2, TO_DATE('11-03-2020', 'DD-MM-YYYY'));
INSERT INTO ACCOUNT (OWNER, BALANCE, STATUS, REGDATE) VALUES (27, 544.00, 1, TO_DATE('13-03-2020', 'DD-MM-YYYY'));
INSERT INTO ACCOUNT (OWNER, BALANCE, STATUS, REGDATE) VALUES (27, 112.50, 1, TO_DATE('13-03-2020', 'DD-MM-YYYY'));
INSERT INTO ACCOUNT (OWNER, BALANCE, STATUS, REGDATE) VALUES (28, 10.50, 1, TO_DATE('14-03-2020', 'DD-MM-YYYY'));
INSERT INTO ACCOUNT (OWNER, BALANCE, STATUS, REGDATE) VALUES (29, 1523.40, 1, TO_DATE('17-03-2020', 'DD-MM-YYYY'));
INSERT INTO ACCOUNT (OWNER, BALANCE, STATUS, REGDATE) VALUES (30, 422.45, 1, TO_DATE('19-03-2020', 'DD-MM-YYYY'));
INSERT INTO ACCOUNT (OWNER, BALANCE, STATUS, REGDATE) VALUES (31, 412.44, 1, TO_DATE('20-03-2020', 'DD-MM-YYYY'));
INSERT INTO ACCOUNT (OWNER, BALANCE, STATUS, REGDATE) VALUES (32, 212.32, 2, TO_DATE('20-03-2020', 'DD-MM-YYYY'));
INSERT INTO ACCOUNT (OWNER, BALANCE, STATUS, REGDATE) VALUES (32, 1222.87, 1, TO_DATE('21-03-2020', 'DD-MM-YYYY'));
INSERT INTO ACCOUNT (OWNER, BALANCE, STATUS, REGDATE) VALUES (33, 530.05, 1, TO_DATE('21-03-2020', 'DD-MM-YYYY'));
INSERT INTO ACCOUNT (OWNER, BALANCE, STATUS, REGDATE) VALUES (34, 546.00, 1, TO_DATE('25-03-2020', 'DD-MM-YYYY'));
INSERT INTO ACCOUNT (OWNER, BALANCE, STATUS, REGDATE) VALUES (35, 965.88, 1, TO_DATE('28-03-2020', 'DD-MM-YYYY'));
INSERT INTO ACCOUNT (OWNER, BALANCE, STATUS, REGDATE) VALUES (36, 1400.24, 1, TO_DATE('01-04-2020', 'DD-MM-YYYY'));
INSERT INTO ACCOUNT (OWNER, BALANCE, STATUS, REGDATE) VALUES (36, 6.30, 1, TO_DATE('02-04-2020', 'DD-MM-YYYY'));
INSERT INTO ACCOUNT (OWNER, BALANCE, STATUS, REGDATE) VALUES (37, 225.56, 1, TO_DATE('05-04-2020', 'DD-MM-YYYY'));
INSERT INTO ACCOUNT (OWNER, BALANCE, STATUS, REGDATE) VALUES (38, 10.00, 2, TO_DATE('06-04-2020', 'DD-MM-YYYY'));
INSERT INTO ACCOUNT (OWNER, BALANCE, STATUS, REGDATE) VALUES (39, 150.00, 1, TO_DATE('08-04-2020', 'DD-MM-YYYY'));
INSERT INTO ACCOUNT (OWNER, BALANCE, STATUS, REGDATE) VALUES (40, 1544.90, 1, TO_DATE('09-04-2020', 'DD-MM-YYYY'));
INSERT INTO ACCOUNT (OWNER, BALANCE, STATUS, REGDATE) VALUES (41, 10432.50, 1, TO_DATE('09-04-2020', 'DD-MM-YYYY'));
INSERT INTO ACCOUNT (OWNER, BALANCE, STATUS, REGDATE) VALUES (42, 398.20, 2, TO_DATE('11-04-2020', 'DD-MM-YYYY'));
INSERT INTO ACCOUNT (OWNER, BALANCE, STATUS, REGDATE) VALUES (43, 23192.70, 1, TO_DATE('17-04-2020', 'DD-MM-YYYY'));
INSERT INTO ACCOUNT (OWNER, BALANCE, STATUS, REGDATE) VALUES (43, 45256.45, 1, TO_DATE('19-04-2020', 'DD-MM-YYYY'));
INSERT INTO ACCOUNT (OWNER, BALANCE, STATUS, REGDATE) VALUES (44, 2136.00, 1, TO_DATE('17-04-2020', 'DD-MM-YYYY'));
INSERT INTO ACCOUNT (OWNER, BALANCE, STATUS, REGDATE) VALUES (45, 862.57, 1, TO_DATE('03-05-2020', 'DD-MM-YYYY'));
INSERT INTO ACCOUNT (OWNER, BALANCE, STATUS, REGDATE) VALUES (46, 10200.50, 1, TO_DATE('06-05-2020', 'DD-MM-YYYY'));
INSERT INTO ACCOUNT (OWNER, BALANCE, STATUS, REGDATE) VALUES (46, 0.50, 2, TO_DATE('06-05-2020', 'DD-MM-YYYY'));
INSERT INTO ACCOUNT (OWNER, BALANCE, STATUS, REGDATE) VALUES (47, 45000.85, 1, TO_DATE('11-05-2020', 'DD-MM-YYYY'));
INSERT INTO ACCOUNT (OWNER, BALANCE, STATUS, REGDATE) VALUES (48, 0.35, 2, TO_DATE('11-05-2020', 'DD-MM-YYYY'));

INSERT INTO CARDNETWORK VALUES (1, 'VISA_CLASSIC');
INSERT INTO CARDNETWORK VALUES (2, 'VISA_GOLD');
INSERT INTO CARDNETWORK VALUES (3, 'VISA_PLATINUM');
INSERT INTO CARDNETWORK VALUES (4, 'MC_STANDARD');
INSERT INTO CARDNETWORK VALUES (5, 'MC_GOLD');
INSERT INTO CARDNETWORK VALUES (6, 'MC_WORLD');

INSERT INTO CARD (OWNER, ACCOUNT, NETWORK, CVC, STATUS, EXPDATE) VALUES (5, 1, 1, 'PBKDF2WithHmacSHA512:3072:2Z5Q6ObcZS/8Nl7M9ereL7U86dN9X7ef8bdPPs5/4eQ=:z3SIQ0mpCPkqCspr4jdV+sdXRPU9yxC8zT+8tPoaq5M=', 1, TO_DATE('15-10-2022', 'DD-MM-YYYY'));
INSERT INTO CARD (OWNER, ACCOUNT, NETWORK, CVC, STATUS, EXPDATE) VALUES (5, 1, 5, 'PBKDF2WithHmacSHA512:3072:gXGk+XuVq30wkdIiWX8Rq/KUbYf8jTWUHNbBzbPM/XY=:veW3PUuYmRudJ55ckgOq4vSVkBlx49dwPV3YOjgsyKI=', 1, TO_DATE('15-10-2022', 'DD-MM-YYYY'));
INSERT INTO CARD (OWNER, ACCOUNT, NETWORK, CVC, STATUS, EXPDATE) VALUES (5, 2, 5, 'PBKDF2WithHmacSHA512:3072:YEpemkDyvc/lX1iKHLrDoLZbLweoc2FBnoIkPEfuw7U=:ZDLTtE2WW1ledraF+WxZ695qnsP5to36vxysFFErKxI=', 1, TO_DATE('25-10-2022', 'DD-MM-YYYY'));
INSERT INTO CARD (OWNER, ACCOUNT, NETWORK, CVC, STATUS, EXPDATE) VALUES (6, 3, 5, 'PBKDF2WithHmacSHA512:3072:0lCbcrGDxl7BQnMrqyorJ/HLk1KKEwt5oKbBL89podo=:BZ/T4BZ/kXKrhVi7V6gNZPsBacNxMR/Q0m61vnwt8lg=', 1, TO_DATE('16-10-2022', 'DD-MM-YYYY'));
INSERT INTO CARD (OWNER, ACCOUNT, NETWORK, CVC, STATUS, EXPDATE) VALUES (6, 3, 2, 'PBKDF2WithHmacSHA512:3072:FukthriIXN1r9eiPhVfL8ulNe9exV1vRdE7FoYLgTz0=:klxuuVtBrkxXs4nFHaxGr2iBwvtlGFcTrP8I2So9ZFQ=', 1, TO_DATE('19-10-2022', 'DD-MM-YYYY'));
INSERT INTO CARD (OWNER, ACCOUNT, NETWORK, CVC, STATUS, EXPDATE) VALUES (7, 4, 1, 'PBKDF2WithHmacSHA512:3072:VJre64Xdy4vCUv8TMBsKErq2bGv6yrgpkbsxZKISDC4=:YHQZh2Bl2pUszWjZ0C7WQfO+FpGYMSE1iB9hkeFV0gI=', 2, TO_DATE('17-10-2022', 'DD-MM-YYYY'));
INSERT INTO CARD (OWNER, ACCOUNT, NETWORK, CVC, STATUS, EXPDATE) VALUES (8, 5, 6, 'PBKDF2WithHmacSHA512:3072:aj83ufCnL2q2rhZpnY5qeCUTc0xURMc/kI2etHeWEBs=:jP7oBxSnE51ukUEKZK3vcVOn5mRY14IX29i7RqotQ3I=', 1, TO_DATE('19-10-2022', 'DD-MM-YYYY'));
INSERT INTO CARD (OWNER, ACCOUNT, NETWORK, CVC, STATUS, EXPDATE) VALUES (8, 5, 2, 'PBKDF2WithHmacSHA512:3072:O3vDyHxzRI5YFzIpEln3vamqSHcMqlRI30oy6t/CC4w=:JqlWYiL9wH2/TtNcXd3g6nNS6eGtKElmDpWvM2IswYY=', 1, TO_DATE('21-10-2022', 'DD-MM-YYYY'));
INSERT INTO CARD (OWNER, ACCOUNT, NETWORK, CVC, STATUS, EXPDATE) VALUES (9, 6, 1, 'PBKDF2WithHmacSHA512:3072:Cm+qmxiYfLNBzoz0gECOrf1MdzPaFQR+f4hStpJKWxA=:ICGfSyBVJYEXfZdYZL27ATVfY9zq0N+ovvxmZUwbq4Y=', 2, TO_DATE('20-10-2022', 'DD-MM-YYYY'));
INSERT INTO CARD (OWNER, ACCOUNT, NETWORK, CVC, STATUS, EXPDATE) VALUES (9, 6, 4, 'PBKDF2WithHmacSHA512:3072:Uv7G59sCVlKzzCURwii9RR8ss8vbnXGuBuCufWKjr0k=:xcgQ8ydnRg3ejtYbFF0N1zYMZO+1Vx7xPRUZ3A40Cg8=', 1, TO_DATE('20-10-2022', 'DD-MM-YYYY'));
INSERT INTO CARD (OWNER, ACCOUNT, NETWORK, CVC, STATUS, EXPDATE) VALUES (10, 7, 1, 'PBKDF2WithHmacSHA512:3072:99izfWF8n1xWDkm0xYEZSMqpD3E37ZX6VeobklU9cJc=:OREbeYt+VePsQjIeqbbQzDzw0yNQe2LPozeSxJMcDZ0=', 1, TO_DATE('20-10-2022', 'DD-MM-YYYY'));
INSERT INTO CARD (OWNER, ACCOUNT, NETWORK, CVC, STATUS, EXPDATE) VALUES (10, 8, 2, 'PBKDF2WithHmacSHA512:3072:dZ2mbu3ep4fafpId5lfDc9KOegwWwWBxZO0+ZT6ERKo=:jP4xI468YqtDnYXl7fBByifRDipdOBT4SJIDAtFUVH0=', 1, TO_DATE('21-12-2022', 'DD-MM-YYYY'));
INSERT INTO CARD (OWNER, ACCOUNT, NETWORK, CVC, STATUS, EXPDATE) VALUES (10, 8, 5, 'PBKDF2WithHmacSHA512:3072:f9XOF9R5jbWqFPxOZFVPhjnaDv2yi3N9wzgxYZA4ofo=:xiR5CWemZNbeZviKKEn8bFSKttqbdD6Qtpn9VgRa1qc=', 1, TO_DATE('25-12-2022', 'DD-MM-YYYY'));
INSERT INTO CARD (OWNER, ACCOUNT, NETWORK, CVC, STATUS, EXPDATE) VALUES (11, 9, 3, 'PBKDF2WithHmacSHA512:3072:wGF6azOsosI6wU4eZO/JSxZN6MioXrm0kwDN4rX0lNk=:NWX0Zb8516Be7duGkGem4OxpC8Oq5gO+fbfCSF3Bw2M=', 1, TO_DATE('21-10-2022', 'DD-MM-YYYY'));
INSERT INTO CARD (OWNER, ACCOUNT, NETWORK, CVC, STATUS, EXPDATE) VALUES (12, 10, 1, 'PBKDF2WithHmacSHA512:3072:fvlKTcftpwjJ+uwm517+nkw565WUSpD4aGdPLGFf0jg=:KU3rJ05PEKnYBNC9YO7K95cACAAk7jVqjulbtKfpIjs=', 1, TO_DATE('25-10-2022', 'DD-MM-YYYY'));
INSERT INTO CARD (OWNER, ACCOUNT, NETWORK, CVC, STATUS, EXPDATE) VALUES (12, 10, 2, 'PBKDF2WithHmacSHA512:3072:0LWUz9U/dlUMjU0aNU2pAeNx7wmgZN+mXNO0aJww4hk=:yyZ6w2SpzVfshf7EM0FGcxavd5dHxB6Ngzcp0gm2I8w=', 2, TO_DATE('01-11-2022', 'DD-MM-YYYY'));
INSERT INTO CARD (OWNER, ACCOUNT, NETWORK, CVC, STATUS, EXPDATE) VALUES (12, 10, 4, 'PBKDF2WithHmacSHA512:3072:TKFXs3wh4KYwjgc/3SReq54E6CeAViitqsXjYCZFV+E=:+b31CJtZU0ASr8PMHYGPDrykdpNhHL9E5Z721hbOmUg=', 1, TO_DATE('02-11-2022', 'DD-MM-YYYY'));
INSERT INTO CARD (OWNER, ACCOUNT, NETWORK, CVC, STATUS, EXPDATE) VALUES (13, 11, 2, 'PBKDF2WithHmacSHA512:3072:R8NvYsbegxeKwAfPlHKUhrzWKkA4b4+SwkXR20/GfNo=:dAiTm7xzEx8UWEr1cVc/ilrrWDn/yEZsOYPt0Ph8Rp8=', 1, TO_DATE('28-10-2022', 'DD-MM-YYYY'));
INSERT INTO CARD (OWNER, ACCOUNT, NETWORK, CVC, STATUS, EXPDATE) VALUES (14, 12, 1, 'PBKDF2WithHmacSHA512:3072:l+Pwgs3NFfhxUSe7czhLlNgbnc6vdk5B+WEUWvR6kw8=:cQjWUWKpifKCSnQwLhLfnPZKp1uRmUVaC3g+aKgbnBk=', 1, TO_DATE('01-11-2022', 'DD-MM-YYYY'));
INSERT INTO CARD (OWNER, ACCOUNT, NETWORK, CVC, STATUS, EXPDATE) VALUES (14, 12, 4, 'PBKDF2WithHmacSHA512:3072:Ryk7tXAA2vxXNtvYbgLxv8pYMvYpvwNfm6chAVEIHM0=:ygIrsuOKxNErqqGcwVHv9pQXnFjX8iPl7H82dt4cVSA=', 1, TO_DATE('01-11-2022', 'DD-MM-YYYY'));
INSERT INTO CARD (OWNER, ACCOUNT, NETWORK, CVC, STATUS, EXPDATE) VALUES (14, 13, 5, 'PBKDF2WithHmacSHA512:3072:wGF6azOsosI6wU4eZO/JSxZN6MioXrm0kwDN4rX0lNk=:NWX0Zb8516Be7duGkGem4OxpC8Oq5gO+fbfCSF3Bw2M=', 1, TO_DATE('05-12-2022', 'DD-MM-YYYY'));
INSERT INTO CARD (OWNER, ACCOUNT, NETWORK, CVC, STATUS, EXPDATE) VALUES (15, 14, 1, 'PBKDF2WithHmacSHA512:3072:0lCbcrGDxl7BQnMrqyorJ/HLk1KKEwt5oKbBL89podo=:BZ/T4BZ/kXKrhVi7V6gNZPsBacNxMR/Q0m61vnwt8lg=', 2, TO_DATE('05-11-2022', 'DD-MM-YYYY'));
INSERT INTO CARD (OWNER, ACCOUNT, NETWORK, CVC, STATUS, EXPDATE) VALUES (16, 15, 1, 'PBKDF2WithHmacSHA512:3072:dZ2mbu3ep4fafpId5lfDc9KOegwWwWBxZO0+ZT6ERKo=:jP4xI468YqtDnYXl7fBByifRDipdOBT4SJIDAtFUVH0=', 1, TO_DATE('06-11-2022', 'DD-MM-YYYY'));
INSERT INTO CARD (OWNER, ACCOUNT, NETWORK, CVC, STATUS, EXPDATE) VALUES (16, 15, 5, 'PBKDF2WithHmacSHA512:3072:gXGk+XuVq30wkdIiWX8Rq/KUbYf8jTWUHNbBzbPM/XY=:veW3PUuYmRudJ55ckgOq4vSVkBlx49dwPV3YOjgsyKI=', 2, TO_DATE('09-11-2022', 'DD-MM-YYYY'));
INSERT INTO CARD (OWNER, ACCOUNT, NETWORK, CVC, STATUS, EXPDATE) VALUES (17, 16, 2, 'PBKDF2WithHmacSHA512:3072:Uv7G59sCVlKzzCURwii9RR8ss8vbnXGuBuCufWKjr0k=:xcgQ8ydnRg3ejtYbFF0N1zYMZO+1Vx7xPRUZ3A40Cg8=', 1, TO_DATE('08-11-2022', 'DD-MM-YYYY'));
INSERT INTO CARD (OWNER, ACCOUNT, NETWORK, CVC, STATUS, EXPDATE) VALUES (17, 16, 6, 'PBKDF2WithHmacSHA512:3072:0lCbcrGDxl7BQnMrqyorJ/HLk1KKEwt5oKbBL89podo=:BZ/T4BZ/kXKrhVi7V6gNZPsBacNxMR/Q0m61vnwt8lg=', 1, TO_DATE('09-11-2022', 'DD-MM-YYYY'));
INSERT INTO CARD (OWNER, ACCOUNT, NETWORK, CVC, STATUS, EXPDATE) VALUES (18, 17, 4, 'PBKDF2WithHmacSHA512:3072:YEpemkDyvc/lX1iKHLrDoLZbLweoc2FBnoIkPEfuw7U=:ZDLTtE2WW1ledraF+WxZ695qnsP5to36vxysFFErKxI=', 1, TO_DATE('09-11-2022', 'DD-MM-YYYY'));
INSERT INTO CARD (OWNER, ACCOUNT, NETWORK, CVC, STATUS, EXPDATE) VALUES (19, 18, 1, 'PBKDF2WithHmacSHA512:3072:VJre64Xdy4vCUv8TMBsKErq2bGv6yrgpkbsxZKISDC4=:YHQZh2Bl2pUszWjZ0C7WQfO+FpGYMSE1iB9hkeFV0gI=', 2, TO_DATE('09-11-2022', 'DD-MM-YYYY'));
INSERT INTO CARD (OWNER, ACCOUNT, NETWORK, CVC, STATUS, EXPDATE) VALUES (19, 18, 2, 'PBKDF2WithHmacSHA512:3072:Uv7G59sCVlKzzCURwii9RR8ss8vbnXGuBuCufWKjr0k=:xcgQ8ydnRg3ejtYbFF0N1zYMZO+1Vx7xPRUZ3A40Cg8=', 1, TO_DATE('19-11-2022', 'DD-MM-YYYY'));
INSERT INTO CARD (OWNER, ACCOUNT, NETWORK, CVC, STATUS, EXPDATE) VALUES (19, 18, 4, 'PBKDF2WithHmacSHA512:3072:2Z5Q6ObcZS/8Nl7M9ereL7U86dN9X7ef8bdPPs5/4eQ=:z3SIQ0mpCPkqCspr4jdV+sdXRPU9yxC8zT+8tPoaq5M=', 1, TO_DATE('21-11-2022', 'DD-MM-YYYY'));
INSERT INTO CARD (OWNER, ACCOUNT, NETWORK, CVC, STATUS, EXPDATE) VALUES (20, 19, 4, 'PBKDF2WithHmacSHA512:3072:dZ2mbu3ep4fafpId5lfDc9KOegwWwWBxZO0+ZT6ERKo=:jP4xI468YqtDnYXl7fBByifRDipdOBT4SJIDAtFUVH0=', 1, TO_DATE('11-11-2022', 'DD-MM-YYYY'));
INSERT INTO CARD (OWNER, ACCOUNT, NETWORK, CVC, STATUS, EXPDATE) VALUES (21, 20, 2, 'PBKDF2WithHmacSHA512:3072:YEpemkDyvc/lX1iKHLrDoLZbLweoc2FBnoIkPEfuw7U=:ZDLTtE2WW1ledraF+WxZ695qnsP5to36vxysFFErKxI=', 1, TO_DATE('17-02-2023', 'DD-MM-YYYY'));
INSERT INTO CARD (OWNER, ACCOUNT, NETWORK, CVC, STATUS, EXPDATE) VALUES (21, 21, 5, 'PBKDF2WithHmacSHA512:3072:2Z5Q6ObcZS/8Nl7M9ereL7U86dN9X7ef8bdPPs5/4eQ=:z3SIQ0mpCPkqCspr4jdV+sdXRPU9yxC8zT+8tPoaq5M=', 1, TO_DATE('19-02-2023', 'DD-MM-YYYY'));
INSERT INTO CARD (OWNER, ACCOUNT, NETWORK, CVC, STATUS, EXPDATE) VALUES (21, 21, 2, 'PBKDF2WithHmacSHA512:3072:VJre64Xdy4vCUv8TMBsKErq2bGv6yrgpkbsxZKISDC4=:YHQZh2Bl2pUszWjZ0C7WQfO+FpGYMSE1iB9hkeFV0gI=', 1, TO_DATE('24-02-2023', 'DD-MM-YYYY'));
INSERT INTO CARD (OWNER, ACCOUNT, NETWORK, CVC, STATUS, EXPDATE) VALUES (22, 22, 3, 'PBKDF2WithHmacSHA512:3072:wGF6azOsosI6wU4eZO/JSxZN6MioXrm0kwDN4rX0lNk=:NWX0Zb8516Be7duGkGem4OxpC8Oq5gO+fbfCSF3Bw2M=', 1, TO_DATE('17-02-2023', 'DD-MM-YYYY'));
INSERT INTO CARD (OWNER, ACCOUNT, NETWORK, CVC, STATUS, EXPDATE) VALUES (23, 23, 2, 'PBKDF2WithHmacSHA512:3072:gXGk+XuVq30wkdIiWX8Rq/KUbYf8jTWUHNbBzbPM/XY=:veW3PUuYmRudJ55ckgOq4vSVkBlx49dwPV3YOjgsyKI=', 2, TO_DATE('03-03-2023', 'DD-MM-YYYY'));
INSERT INTO CARD (OWNER, ACCOUNT, NETWORK, CVC, STATUS, EXPDATE) VALUES (24, 24, 5, 'PBKDF2WithHmacSHA512:3072:R8NvYsbegxeKwAfPlHKUhrzWKkA4b4+SwkXR20/GfNo=:dAiTm7xzEx8UWEr1cVc/ilrrWDn/yEZsOYPt0Ph8Rp8=', 1, TO_DATE('06-03-2023', 'DD-MM-YYYY'));
INSERT INTO CARD (OWNER, ACCOUNT, NETWORK, CVC, STATUS, EXPDATE) VALUES (24, 25, 1, 'PBKDF2WithHmacSHA512:3072:0lCbcrGDxl7BQnMrqyorJ/HLk1KKEwt5oKbBL89podo=:BZ/T4BZ/kXKrhVi7V6gNZPsBacNxMR/Q0m61vnwt8lg=', 2, TO_DATE('06-03-2023', 'DD-MM-YYYY'));
INSERT INTO CARD (OWNER, ACCOUNT, NETWORK, CVC, STATUS, EXPDATE) VALUES (24, 25, 4, 'PBKDF2WithHmacSHA512:3072:YEpemkDyvc/lX1iKHLrDoLZbLweoc2FBnoIkPEfuw7U=:ZDLTtE2WW1ledraF+WxZ695qnsP5to36vxysFFErKxI=', 2, TO_DATE('09-03-2023', 'DD-MM-YYYY'));
INSERT INTO CARD (OWNER, ACCOUNT, NETWORK, CVC, STATUS, EXPDATE) VALUES (25, 26, 6, 'PBKDF2WithHmacSHA512:3072:2Z5Q6ObcZS/8Nl7M9ereL7U86dN9X7ef8bdPPs5/4eQ=:z3SIQ0mpCPkqCspr4jdV+sdXRPU9yxC8zT+8tPoaq5M=', 2, TO_DATE('11-03-2023', 'DD-MM-YYYY'));
INSERT INTO CARD (OWNER, ACCOUNT, NETWORK, CVC, STATUS, EXPDATE) VALUES (26, 27, 1, 'PBKDF2WithHmacSHA512:3072:VJre64Xdy4vCUv8TMBsKErq2bGv6yrgpkbsxZKISDC4=:YHQZh2Bl2pUszWjZ0C7WQfO+FpGYMSE1iB9hkeFV0gI=', 1, TO_DATE('11-03-2023', 'DD-MM-YYYY'));
INSERT INTO CARD (OWNER, ACCOUNT, NETWORK, CVC, STATUS, EXPDATE) VALUES (27, 28, 2, 'PBKDF2WithHmacSHA512:3072:wGF6azOsosI6wU4eZO/JSxZN6MioXrm0kwDN4rX0lNk=:NWX0Zb8516Be7duGkGem4OxpC8Oq5gO+fbfCSF3Bw2M=', 1, TO_DATE('13-03-2023', 'DD-MM-YYYY'));
INSERT INTO CARD (OWNER, ACCOUNT, NETWORK, CVC, STATUS, EXPDATE) VALUES (27, 29, 4, 'PBKDF2WithHmacSHA512:3072:0lCbcrGDxl7BQnMrqyorJ/HLk1KKEwt5oKbBL89podo=:BZ/T4BZ/kXKrhVi7V6gNZPsBacNxMR/Q0m61vnwt8lg=', 1, TO_DATE('13-03-2023', 'DD-MM-YYYY'));
INSERT INTO CARD (OWNER, ACCOUNT, NETWORK, CVC, STATUS, EXPDATE) VALUES (28, 30, 2, 'PBKDF2WithHmacSHA512:3072:gXGk+XuVq30wkdIiWX8Rq/KUbYf8jTWUHNbBzbPM/XY=:veW3PUuYmRudJ55ckgOq4vSVkBlx49dwPV3YOjgsyKI=', 1, TO_DATE('14-03-2023', 'DD-MM-YYYY'));
INSERT INTO CARD (OWNER, ACCOUNT, NETWORK, CVC, STATUS, EXPDATE) VALUES (28, 30, 3, 'PBKDF2WithHmacSHA512:3072:YEpemkDyvc/lX1iKHLrDoLZbLweoc2FBnoIkPEfuw7U=:ZDLTtE2WW1ledraF+WxZ695qnsP5to36vxysFFErKxI=', 1, TO_DATE('19-03-2023', 'DD-MM-YYYY'));
INSERT INTO CARD (OWNER, ACCOUNT, NETWORK, CVC, STATUS, EXPDATE) VALUES (28, 30, 5, 'PBKDF2WithHmacSHA512:3072:dZ2mbu3ep4fafpId5lfDc9KOegwWwWBxZO0+ZT6ERKo=:jP4xI468YqtDnYXl7fBByifRDipdOBT4SJIDAtFUVH0=', 1, TO_DATE('19-03-2023', 'DD-MM-YYYY'));
INSERT INTO CARD (OWNER, ACCOUNT, NETWORK, CVC, STATUS, EXPDATE) VALUES (29, 31, 2, 'PBKDF2WithHmacSHA512:3072:2Z5Q6ObcZS/8Nl7M9ereL7U86dN9X7ef8bdPPs5/4eQ=:z3SIQ0mpCPkqCspr4jdV+sdXRPU9yxC8zT+8tPoaq5M=', 1, TO_DATE('17-03-2023', 'DD-MM-YYYY'));
INSERT INTO CARD (OWNER, ACCOUNT, NETWORK, CVC, STATUS, EXPDATE) VALUES (30, 32, 1, 'PBKDF2WithHmacSHA512:3072:wGF6azOsosI6wU4eZO/JSxZN6MioXrm0kwDN4rX0lNk=:NWX0Zb8516Be7duGkGem4OxpC8Oq5gO+fbfCSF3Bw2M=', 1, TO_DATE('19-03-2023', 'DD-MM-YYYY'));
INSERT INTO CARD (OWNER, ACCOUNT, NETWORK, CVC, STATUS, EXPDATE) VALUES (31, 33, 4, 'PBKDF2WithHmacSHA512:3072:VJre64Xdy4vCUv8TMBsKErq2bGv6yrgpkbsxZKISDC4=:YHQZh2Bl2pUszWjZ0C7WQfO+FpGYMSE1iB9hkeFV0gI=', 2, TO_DATE('20-03-2023', 'DD-MM-YYYY'));
INSERT INTO CARD (OWNER, ACCOUNT, NETWORK, CVC, STATUS, EXPDATE) VALUES (32, 34, 3, 'PBKDF2WithHmacSHA512:3072:gXGk+XuVq30wkdIiWX8Rq/KUbYf8jTWUHNbBzbPM/XY=:veW3PUuYmRudJ55ckgOq4vSVkBlx49dwPV3YOjgsyKI=', 1, TO_DATE('20-03-2023', 'DD-MM-YYYY'));
INSERT INTO CARD (OWNER, ACCOUNT, NETWORK, CVC, STATUS, EXPDATE) VALUES (32, 34, 1, 'PBKDF2WithHmacSHA512:3072:R8NvYsbegxeKwAfPlHKUhrzWKkA4b4+SwkXR20/GfNo=:dAiTm7xzEx8UWEr1cVc/ilrrWDn/yEZsOYPt0Ph8Rp8=', 1, TO_DATE('25-03-2023', 'DD-MM-YYYY'));
INSERT INTO CARD (OWNER, ACCOUNT, NETWORK, CVC, STATUS, EXPDATE) VALUES (32, 35, 5, 'PBKDF2WithHmacSHA512:3072:YEpemkDyvc/lX1iKHLrDoLZbLweoc2FBnoIkPEfuw7U=:ZDLTtE2WW1ledraF+WxZ695qnsP5to36vxysFFErKxI=', 2, TO_DATE('21-03-2023', 'DD-MM-YYYY'));
INSERT INTO CARD (OWNER, ACCOUNT, NETWORK, CVC, STATUS, EXPDATE) VALUES (33, 36, 6, 'PBKDF2WithHmacSHA512:3072:0lCbcrGDxl7BQnMrqyorJ/HLk1KKEwt5oKbBL89podo=:BZ/T4BZ/kXKrhVi7V6gNZPsBacNxMR/Q0m61vnwt8lg=', 1, TO_DATE('21-03-2023', 'DD-MM-YYYY'));
INSERT INTO CARD (OWNER, ACCOUNT, NETWORK, CVC, STATUS, EXPDATE) VALUES (34, 37, 3, 'PBKDF2WithHmacSHA512:3072:2Z5Q6ObcZS/8Nl7M9ereL7U86dN9X7ef8bdPPs5/4eQ=:z3SIQ0mpCPkqCspr4jdV+sdXRPU9yxC8zT+8tPoaq5M=', 1, TO_DATE('25-03-2023', 'DD-MM-YYYY'));
INSERT INTO CARD (OWNER, ACCOUNT, NETWORK, CVC, STATUS, EXPDATE) VALUES (34, 37, 6, 'PBKDF2WithHmacSHA512:3072:wGF6azOsosI6wU4eZO/JSxZN6MioXrm0kwDN4rX0lNk=:NWX0Zb8516Be7duGkGem4OxpC8Oq5gO+fbfCSF3Bw2M=', 1, TO_DATE('25-03-2023', 'DD-MM-YYYY'));
INSERT INTO CARD (OWNER, ACCOUNT, NETWORK, CVC, STATUS, EXPDATE) VALUES (35, 38, 1, 'PBKDF2WithHmacSHA512:3072:VJre64Xdy4vCUv8TMBsKErq2bGv6yrgpkbsxZKISDC4=:YHQZh2Bl2pUszWjZ0C7WQfO+FpGYMSE1iB9hkeFV0gI=', 1, TO_DATE('28-03-2023', 'DD-MM-YYYY'));
INSERT INTO CARD (OWNER, ACCOUNT, NETWORK, CVC, STATUS, EXPDATE) VALUES (35, 38, 3, 'PBKDF2WithHmacSHA512:3072:R8NvYsbegxeKwAfPlHKUhrzWKkA4b4+SwkXR20/GfNo=:dAiTm7xzEx8UWEr1cVc/ilrrWDn/yEZsOYPt0Ph8Rp8=', 1, TO_DATE('29-03-2023', 'DD-MM-YYYY'));
INSERT INTO CARD (OWNER, ACCOUNT, NETWORK, CVC, STATUS, EXPDATE) VALUES (36, 39, 1, 'PBKDF2WithHmacSHA512:3072:gXGk+XuVq30wkdIiWX8Rq/KUbYf8jTWUHNbBzbPM/XY=:veW3PUuYmRudJ55ckgOq4vSVkBlx49dwPV3YOjgsyKI=', 1, TO_DATE('01-04-2023', 'DD-MM-YYYY'));
INSERT INTO CARD (OWNER, ACCOUNT, NETWORK, CVC, STATUS, EXPDATE) VALUES (36, 39, 4, 'PBKDF2WithHmacSHA512:3072:Uv7G59sCVlKzzCURwii9RR8ss8vbnXGuBuCufWKjr0k=:xcgQ8ydnRg3ejtYbFF0N1zYMZO+1Vx7xPRUZ3A40Cg8=', 1, TO_DATE('01-04-2023', 'DD-MM-YYYY'));
INSERT INTO CARD (OWNER, ACCOUNT, NETWORK, CVC, STATUS, EXPDATE) VALUES (36, 40, 2, 'PBKDF2WithHmacSHA512:3072:YEpemkDyvc/lX1iKHLrDoLZbLweoc2FBnoIkPEfuw7U=:ZDLTtE2WW1ledraF+WxZ695qnsP5to36vxysFFErKxI=', 1, TO_DATE('02-04-2023', 'DD-MM-YYYY'));
INSERT INTO CARD (OWNER, ACCOUNT, NETWORK, CVC, STATUS, EXPDATE) VALUES (36, 40, 5, 'PBKDF2WithHmacSHA512:3072:0lCbcrGDxl7BQnMrqyorJ/HLk1KKEwt5oKbBL89podo=:BZ/T4BZ/kXKrhVi7V6gNZPsBacNxMR/Q0m61vnwt8lg=', 1, TO_DATE('04-04-2023', 'DD-MM-YYYY'));
INSERT INTO CARD (OWNER, ACCOUNT, NETWORK, CVC, STATUS, EXPDATE) VALUES (37, 41, 5, 'PBKDF2WithHmacSHA512:3072:2Z5Q6ObcZS/8Nl7M9ereL7U86dN9X7ef8bdPPs5/4eQ=:z3SIQ0mpCPkqCspr4jdV+sdXRPU9yxC8zT+8tPoaq5M=', 2, TO_DATE('05-04-2023', 'DD-MM-YYYY'));
INSERT INTO CARD (OWNER, ACCOUNT, NETWORK, CVC, STATUS, EXPDATE) VALUES (38, 42, 1, 'PBKDF2WithHmacSHA512:3072:wGF6azOsosI6wU4eZO/JSxZN6MioXrm0kwDN4rX0lNk=:NWX0Zb8516Be7duGkGem4OxpC8Oq5gO+fbfCSF3Bw2M=', 1, TO_DATE('06-04-2023', 'DD-MM-YYYY'));
INSERT INTO CARD (OWNER, ACCOUNT, NETWORK, CVC, STATUS, EXPDATE) VALUES (38, 42, 1, 'PBKDF2WithHmacSHA512:3072:YEpemkDyvc/lX1iKHLrDoLZbLweoc2FBnoIkPEfuw7U=:ZDLTtE2WW1ledraF+WxZ695qnsP5to36vxysFFErKxI=', 2, TO_DATE('01-05-2023', 'DD-MM-YYYY'));
INSERT INTO CARD (OWNER, ACCOUNT, NETWORK, CVC, STATUS, EXPDATE) VALUES (38, 42, 3, 'PBKDF2WithHmacSHA512:3072:R8NvYsbegxeKwAfPlHKUhrzWKkA4b4+SwkXR20/GfNo=:dAiTm7xzEx8UWEr1cVc/ilrrWDn/yEZsOYPt0Ph8Rp8=', 1, TO_DATE('01-05-2023', 'DD-MM-YYYY'));
INSERT INTO CARD (OWNER, ACCOUNT, NETWORK, CVC, STATUS, EXPDATE) VALUES (39, 43, 2, 'PBKDF2WithHmacSHA512:3072:gXGk+XuVq30wkdIiWX8Rq/KUbYf8jTWUHNbBzbPM/XY=:veW3PUuYmRudJ55ckgOq4vSVkBlx49dwPV3YOjgsyKI=', 1, TO_DATE('08-04-2023', 'DD-MM-YYYY'));
INSERT INTO CARD (OWNER, ACCOUNT, NETWORK, CVC, STATUS, EXPDATE) VALUES (40, 44, 1, 'PBKDF2WithHmacSHA512:3072:dZ2mbu3ep4fafpId5lfDc9KOegwWwWBxZO0+ZT6ERKo=:jP4xI468YqtDnYXl7fBByifRDipdOBT4SJIDAtFUVH0=', 1, TO_DATE('09-04-2023', 'DD-MM-YYYY'));
INSERT INTO CARD (OWNER, ACCOUNT, NETWORK, CVC, STATUS, EXPDATE) VALUES (41, 45, 4, 'PBKDF2WithHmacSHA512:3072:VJre64Xdy4vCUv8TMBsKErq2bGv6yrgpkbsxZKISDC4=:YHQZh2Bl2pUszWjZ0C7WQfO+FpGYMSE1iB9hkeFV0gI=', 1, TO_DATE('09-04-2023', 'DD-MM-YYYY'));
INSERT INTO CARD (OWNER, ACCOUNT, NETWORK, CVC, STATUS, EXPDATE) VALUES (42, 46, 2, 'PBKDF2WithHmacSHA512:3072:2Z5Q6ObcZS/8Nl7M9ereL7U86dN9X7ef8bdPPs5/4eQ=:z3SIQ0mpCPkqCspr4jdV+sdXRPU9yxC8zT+8tPoaq5M=', 2, TO_DATE('11-04-2023', 'DD-MM-YYYY'));
INSERT INTO CARD (OWNER, ACCOUNT, NETWORK, CVC, STATUS, EXPDATE) VALUES (43, 47, 1, 'PBKDF2WithHmacSHA512:3072:0lCbcrGDxl7BQnMrqyorJ/HLk1KKEwt5oKbBL89podo=:BZ/T4BZ/kXKrhVi7V6gNZPsBacNxMR/Q0m61vnwt8lg=', 1, TO_DATE('17-04-2023', 'DD-MM-YYYY'));
INSERT INTO CARD (OWNER, ACCOUNT, NETWORK, CVC, STATUS, EXPDATE) VALUES (43, 48, 2, 'PBKDF2WithHmacSHA512:3072:Uv7G59sCVlKzzCURwii9RR8ss8vbnXGuBuCufWKjr0k=:xcgQ8ydnRg3ejtYbFF0N1zYMZO+1Vx7xPRUZ3A40Cg8=', 1, TO_DATE('19-04-2023', 'DD-MM-YYYY'));
INSERT INTO CARD (OWNER, ACCOUNT, NETWORK, CVC, STATUS, EXPDATE) VALUES (43, 48, 6, 'PBKDF2WithHmacSHA512:3072:wGF6azOsosI6wU4eZO/JSxZN6MioXrm0kwDN4rX0lNk=:NWX0Zb8516Be7duGkGem4OxpC8Oq5gO+fbfCSF3Bw2M=', 1, TO_DATE('20-04-2023', 'DD-MM-YYYY'));
INSERT INTO CARD (OWNER, ACCOUNT, NETWORK, CVC, STATUS, EXPDATE) VALUES (44, 49, 3, 'PBKDF2WithHmacSHA512:3072:gXGk+XuVq30wkdIiWX8Rq/KUbYf8jTWUHNbBzbPM/XY=:veW3PUuYmRudJ55ckgOq4vSVkBlx49dwPV3YOjgsyKI=', 1, TO_DATE('17-04-2023', 'DD-MM-YYYY'));
INSERT INTO CARD (OWNER, ACCOUNT, NETWORK, CVC, STATUS, EXPDATE) VALUES (44, 49, 4, 'PBKDF2WithHmacSHA512:3072:R8NvYsbegxeKwAfPlHKUhrzWKkA4b4+SwkXR20/GfNo=:dAiTm7xzEx8UWEr1cVc/ilrrWDn/yEZsOYPt0Ph8Rp8=', 1, TO_DATE('20-04-2023', 'DD-MM-YYYY'));
INSERT INTO CARD (OWNER, ACCOUNT, NETWORK, CVC, STATUS, EXPDATE) VALUES (45, 50, 2, 'PBKDF2WithHmacSHA512:3072:YEpemkDyvc/lX1iKHLrDoLZbLweoc2FBnoIkPEfuw7U=:ZDLTtE2WW1ledraF+WxZ695qnsP5to36vxysFFErKxI=', 2, TO_DATE('03-05-2023', 'DD-MM-YYYY'));
INSERT INTO CARD (OWNER, ACCOUNT, NETWORK, CVC, STATUS, EXPDATE) VALUES (45, 50, 4, 'PBKDF2WithHmacSHA512:3072:VJre64Xdy4vCUv8TMBsKErq2bGv6yrgpkbsxZKISDC4=:YHQZh2Bl2pUszWjZ0C7WQfO+FpGYMSE1iB9hkeFV0gI=', 1, TO_DATE('03-05-2023', 'DD-MM-YYYY'));
INSERT INTO CARD (OWNER, ACCOUNT, NETWORK, CVC, STATUS, EXPDATE) VALUES (46, 51, 1, 'PBKDF2WithHmacSHA512:3072:2Z5Q6ObcZS/8Nl7M9ereL7U86dN9X7ef8bdPPs5/4eQ=:z3SIQ0mpCPkqCspr4jdV+sdXRPU9yxC8zT+8tPoaq5M=', 1, TO_DATE('06-05-2023', 'DD-MM-YYYY'));
INSERT INTO CARD (OWNER, ACCOUNT, NETWORK, CVC, STATUS, EXPDATE) VALUES (46, 52, 2, 'PBKDF2WithHmacSHA512:3072:0lCbcrGDxl7BQnMrqyorJ/HLk1KKEwt5oKbBL89podo=:BZ/T4BZ/kXKrhVi7V6gNZPsBacNxMR/Q0m61vnwt8lg=', 1, TO_DATE('06-05-2023', 'DD-MM-YYYY'));
INSERT INTO CARD (OWNER, ACCOUNT, NETWORK, CVC, STATUS, EXPDATE) VALUES (47, 53, 6, 'PBKDF2WithHmacSHA512:3072:R8NvYsbegxeKwAfPlHKUhrzWKkA4b4+SwkXR20/GfNo=:dAiTm7xzEx8UWEr1cVc/ilrrWDn/yEZsOYPt0Ph8Rp8=', 1, TO_DATE('11-05-2023', 'DD-MM-YYYY'));
INSERT INTO CARD (OWNER, ACCOUNT, NETWORK, CVC, STATUS, EXPDATE) VALUES (48, 54, 2, 'PBKDF2WithHmacSHA512:3072:gXGk+XuVq30wkdIiWX8Rq/KUbYf8jTWUHNbBzbPM/XY=:veW3PUuYmRudJ55ckgOq4vSVkBlx49dwPV3YOjgsyKI=', 2, TO_DATE('11-05-2023', 'DD-MM-YYYY'));
INSERT INTO CARD (OWNER, ACCOUNT, NETWORK, CVC, STATUS, EXPDATE) VALUES (48, 54, 5, 'PBKDF2WithHmacSHA512:3072:VJre64Xdy4vCUv8TMBsKErq2bGv6yrgpkbsxZKISDC4=:YHQZh2Bl2pUszWjZ0C7WQfO+FpGYMSE1iB9hkeFV0gI=', 2, TO_DATE('15-05-2023', 'DD-MM-YYYY'));

INSERT INTO INCOME (BALANCE) VALUES (1000000.00);

COMMIT;